<?xml version="1.0" standalone="no"?>
<manifest identifier="ProddingSCO" version="0.99" xmlns="http://www.imsproject.org/xsd/imscp_rootv1p1p2" xmlns:adlcp="http://www.adlnet.org/xsd/adlcp_rootv1p2" xmlns:xsi="http://www.w3.org/2001/XMLSchema-instance" xsi:schemaLocation="http://www.imsproject.org/xsd/imscp_rootv1p1p2 imscp_rootv1p1p2.xsd http://www.imsglobal.org/xsd/imsmd_rootv1p2p1 imsmd_rootv1p2p1.xsd http://www.adlnet.org/xsd/adlcp_rootv1p2 adlcp_rootv1p2.xsd">
<metadata>
    <schema>ADL SCORM</schema>
    <schemaversion>1.2</schemaversion>
    <adlcp:location>packagemetadata.xml</adlcp:location>
  </metadata>
  <organizations default="ORG1">
    <organization identifier="ORG1">
      <title>SCORM Diagnostic SCO</title>
      <item identifier="ITEM1" identifierref="SCOPROD">
        <title>SCORM Diagnostic SCO</title>
      </item>
    </organization>
  </organizations>
  <resources>
    <resource identifier="SCOPROD" adlcp:scormtype="sco"
       href="proddingsco.htm" type="webcontent">
      <file href="proddingsco.htm"/>
    </resource>
  </resources>
</manifest>

