<?xml version="1.0" encoding="utf-8"?>
<tracking-metadata generator="Presenter ver 5.0" version="1.0">
	<objective id="Quiz10004" max-score="40" passing-score="32" min-score="0">
		<name>Quiz</name>
		<interactions>
			<interaction id="Interaction20086" type="choice" score="10" correct-response="A">
				<name>Multiple choice</name>
				<title>What is 1 + 1?</title>
				<responses>
					<response id="A">A) 2 </response>
					<response id="B">B) 0 </response>
					<response id="C">C) 40 </response>
				</responses>
			</interaction>
			<interaction id="Interaction20097" type="true-false" score="10" correct-response="T">
				<name>True/False</name>
				<title>True or False, a Robin is a type of bird.</title>
				<responses>
					<response id="T">A) True </response>
					<response id="F">B) False </response>
				</responses>
			</interaction>
			<interaction id="Interaction20106" type="fill-in" score="10" correct-response="1;one">
				<title> 3-2=&lt;1&gt;
 </title>
				<responses>
					<response id="1">
						<option id="0">*</option>
						<option id="1">1</option>
						<option id="2">one</option>
					</response>
				</responses>
			</interaction>
			<interaction id="Interaction20115" type="matching" score="10" correct-response="{0.B,1.A,2.C}">
				<name>Matching</name>
				<title>Match the color to the fruit.</title>
				<responses>
					<matching-set type="source">
						<response id="0">B Red </response>
						<response id="1">A Blue </response>
						<response id="2">C Yellow </response>
					</matching-set>
					<matching-set type="target">
						<response id="A">A. Blueberry </response>
						<response id="B">B. Apple </response>
						<response id="C">C. Banana </response>
					</matching-set>
				</responses>
			</interaction>
			<interaction id="Interaction20130_0" type="likert">
				<title>This course was useful</title>
				<responses>
					<response id="1">Disagree</response>
					<response id="2">Somewhat Disagree</response>
					<response id="3">Neutral</response>
					<response id="4">Somewhat Agree</response>
					<response id="5">Agree</response>
				</responses>
			</interaction>
			<interaction id="Interaction20130_1" type="likert">
				<title>This is a good product</title>
				<responses>
					<response id="1">Disagree</response>
					<response id="2">Somewhat Disagree</response>
					<response id="3">Neutral</response>
					<response id="4">Somewhat Agree</response>
					<response id="5">Agree</response>
				</responses>
			</interaction>
			<interaction id="Interaction20130_2" type="likert">
				<title>This is working with my LMS</title>
				<responses>
					<response id="1">Disagree</response>
					<response id="2">Somewhat Disagree</response>
					<response id="3">Neutral</response>
					<response id="4">Somewhat Agree</response>
					<response id="5">Agree</response>
				</responses>
			</interaction>
			<interaction id="Interaction20150" type="long-fill-in" score="0">
				<title>Is there anything else you'd like to let us know?</title>
				<responses>
					<response id="1">
						<option id="0">*</option>
					</response>
				</responses>
			</interaction>
		</interactions>
	</objective>
</tracking-metadata>
