<?xml version="1.0" encoding="utf-8"?>
<manifest identifier="BP_SimpleCourse" version="1.0" xsi:schemaLocation="http://www.imsproject.org/xsd/imscp_rootv1p1p2 imscp_rootv1p1p2.xsd http://www.imsglobal.org/xsd/imsmd_rootv1p2p1 imsmd_rootv1p2p1.xsd http://www.adlnet.org/xsd/adlcp_rootv1p2 adlcp_rootv1p2.xsd http://www.imsglobal.org/xsd/imsmd_rootv1p2p1 imsmd_rootv1p2p1.xsd" xmlns="http://www.imsproject.org/xsd/imscp_rootv1p1p2" xmlns:adlcp="http://www.adlnet.org/xsd/adlcp_rootv1p2" xmlns:xsi="http://www.w3.org/2001/XMLSchema-instance">
	<metadata>
		<schema>ADL SCORM</schema>
		<schemaversion>1.2</schemaversion>
		<lom xmlns="http://www.imsglobal.org/xsd/imsmd_rootv1p2p1">
			<general>
				<title>
					<langstring xml:lang="x-none">Breeze Presenter - Simple Course</langstring>
				</title>
				<catalogentry>
					<catalog>Macromedia Breeze Presenter Course</catalog>
					<entry>
						<langstring xml:lang="x-none">BP_SimpleCourse</langstring>
					</entry>
				</catalogentry>
				<description>
					<langstring xml:lang="x-none">This is a simple course developed in Breeze Presenter.</langstring>
				</description>
			</general>
			<lifecycle>
				<version>
					<langstring xml:lang="x-none">1.0</langstring>
				</version>
				<status>
					<source>
						<langstring xml:lang="x-none">LOMv1.0</langstring>
					</source>
					<value>
						<langstring xml:lang="x-none">Final</langstring>
					</value>
				</status>
			</lifecycle>
			<metametadata>
				<metadatascheme>ADL SCORM 1.2</metadatascheme>
			</metametadata>
			<technical>
				<format>text/html</format>
				<location>.</location>
			</technical>
			<rights>
				<cost>
					<source>
						<langstring xml:lang="x-none">LOMv1.10</langstring>
					</source>
					<value>
						<langstring xml:lang="x-none">no</langstring>
					</value>
				</cost>
				<copyrightandotherrestrictions>
					<source>
						<langstring xml:lang="x-none">LOMv1.10</langstring>
					</source>
					<value>
						<langstring xml:lang="x-none">no</langstring>
					</value>
				</copyrightandotherrestrictions>
			</rights>
			<classification>
				<purpose>
					<source>
						<langstring xml:lang="x-none">LOMv1.0</langstring>
					</source>
					<value>
						<langstring xml:lang="x-none">Idea</langstring>
					</value>
				</purpose>
				<description>
					<langstring xml:lang="x-none">This is a simple course developed in Breeze Presenter.</langstring>
				</description>
				<keyword>
					<langstring xml:lang="x-none">Macromedia Breeze Presenter</langstring>
				</keyword>
			</classification>
		</lom>
	</metadata>
	<organizations default="BP_SimpleCourse_ORG">
		<organization identifier="BP_SimpleCourse_ORG">
			<title>Breeze Presenter - Simple Course</title>
			<item identifier="BP_SimpleSCO_Quiz" isvisible="true" identifierref="BP_SimpleSCO_Quiz_RES">
				<title>Breeze Presenter - Simple SCO (Quiz)</title>
				<adlcp:masteryscore>80</adlcp:masteryscore>
			</item>
		</organization>
	</organizations>
	<resources>
		<resource identifier="BP_SimpleSCO_Quiz_RES" type="webcontent" href="SCORM.htm" adlcp:scormtype="sco">
			<file href="breeze-manifest.xml"/>
			<file href="components.swf"/>
			<file href="data/Master80000001.swf"/>
			<file href="data/Master80000002.swf"/>
			<file href="data/Slide1.swf"/>
			<file href="data/Slide2.swf"/>
			<file href="data/Slide3.swf"/>
			<file href="data/Slide4.swf"/>
			<file href="data/Slide5.swf"/>
			<file href="data/Slide6.swf"/>
			<file href="data/Slide7.swf"/>
			<file href="data/Slide8.swf"/>
			<file href="data/srchdata.xml"/>
			<file href="data/thumb.swf"/>
			<file href="data/timings.xml"/>
			<file href="data/trackdta.xml"/>
			<file href="data/vconfig.xml"/>
			<file href="data/viewer.xml"/>
			<file href="SCORM.htm"/>
			<file href="scorm_support/scorm_support.htm"/>
			<file href="scorm_support/scorm_support.js"/>
			<file href="scorm_support/scorm_support.swf"/>
			<file href="viewer.swf"/>
		</resource>
	</resources>
</manifest>
