<?xml version="1.0" encoding="utf-8"?>
<document-metadata version="1.0" xmlns="http://breeze.macromedia.com/">
	<document-info>
		<title>SimpleQuiz</title>
		<summary></summary>
		<author/>
		<keywords/>
		<thumbnail href="data/thumb/thumb_slide_000001.jpg"/><view-link href="/Viewer.swf?slide={position}"/>
	</document-info>
	<section type="slide" position="1" xmlns="">
		<title>A Simple Quiz </title>
		<content>  A Simple Quiz For LMS Testing </content>
		<related-content>
		</related-content>
		<thumbnail href="data/thumb/thumb_slide_000001.jpg"/></section>
	<section type="slide" position="2" xmlns="">
		<title>What is 1 + 1? </title>
		<content>  Correct - Click anywhere to continue Incorrect - Click anywhere to continue You answered this correctly! Your answer: The correct answer is: You did not answer this question completely You must answer the question before continuing What is 1 + 1? Submit Clear A) 2 B) 0 C) 40 </content>
		<related-content>
		</related-content>
		<thumbnail href="data/thumb/thumb_slide_000002.jpg"/></section>
	<section type="slide" position="3" xmlns="">
		<title>True or False, a Robin is a type of bird. </title>
		<content>  Correct - Click anywhere to continue Incorrect - Click anywhere to continue You answered this correctly! Your answer: The correct answer is: You did not answer this question completely You must answer the question before continuing True or False, a Robin is a type of bird. Submit Clear A) True B) False </content>
		<related-content>
		</related-content>
		<thumbnail href="data/thumb/thumb_slide_000003.jpg"/></section>
	<section type="slide" position="4" xmlns="">
		<title>Complete the sentence below by filling in the blank. </title>
		<content>  Correct - Click anywhere to continue Incorrect - Click anywhere to continue You answered this correctly! Your answer: The correct answer is: You did not answer this question completely You must answer the question before continuing Complete the sentence below by filling in the blank. Submit Clear 3-2= </content>
		<related-content>
		</related-content>
		<thumbnail href="data/thumb/thumb_slide_000004.jpg"/></section>
	<section type="slide" position="5" xmlns="">
		<title>Match the color to the fruit. </title>
		<content>  Correct - Click anywhere to continue Incorrect - Click anywhere to continue You answered this correctly! Your answer: The correct answer is: You did not answer this question completely You must answer the question before continuing Match the color to the fruit. Column 1 Column 2 Submit Clear A. Blueberry B. Apple C. Banana B Red A Blue C Yellow </content>
		<related-content>
		</related-content>
		<thumbnail href="data/thumb/thumb_slide_000005.jpg"/></section>
	<section type="slide" position="6" xmlns="">
		<title>Indicate how strongly you agree or disagree with the following statements. </title>
		<content>  Disagree Somewhat Disagree Neutral Somewhat Agree Agree Indicate how strongly you agree or disagree with the following statements. Submit Clear This course was useful This is a good product This is working with my LMS </content>
		<related-content>
		</related-content>
		<thumbnail href="data/thumb/thumb_slide_000006.jpg"/></section>
	<section type="slide" position="7" xmlns="">
		<title>Is there anything else you'd like to let us know? </title>
		<content>  You answered this correctly! Your answer: The correct answer is: You did not answer this question completely Is there anything else you'd like to let us know? Submit Clear </content>
		<related-content>
		</related-content>
		<thumbnail href="data/thumb/thumb_slide_000007.jpg"/></section>
	<section type="slide" position="8" xmlns="">
		<title>Quiz </title>
		<content>  Question Feedback/Review Information Will Appear Here Quiz {total-attempts} Number of Quiz Attempts {max-score} Max Score {score} Your Score Review Quiz Continue </content>
		<related-content>
		</related-content>
		<thumbnail href="data/thumb/thumb_slide_000008.jpg"/></section>
</document-metadata>
