<?xml version="1.0" encoding="UTF-8"?>
<!--This is a Reload version 1.1 SCORM 1.2 Content Package document-->
<!--Spawned from the Reload Content Package Generator - http://www.reload.ac.uk-->
<manifest xmlns="http://www.imsproject.org/xsd/imscp_rootv1p1p2" xmlns:imsmd="http://www.imsglobal.org/xsd/imsmd_rootv1p2p1" xmlns:xsi="http://www.w3.org/2001/XMLSchema-instance" xmlns:adlcp="http://www.adlnet.org/xsd/adlcp_rootv1p2" identifier="MANIFEST-61DC95E4-7D9A-564C-5552-2ACE87C39D44" xsi:schemaLocation="http://www.imsproject.org/xsd/imscp_rootv1p1p2 imscp_rootv1p1p2.xsd http://www.imsglobal.org/xsd/imsmd_rootv1p2p1 imsmd_rootv1p2p1.xsd http://www.adlnet.org/xsd/adlcp_rootv1p2 adlcp_rootv1p2.xsd">
  <organizations default="ORG-0E54C9DB-E5CA-AE2B-A91F-95EAC6F221A9">
    <organization identifier="ORG-0E54C9DB-E5CA-AE2B-A91F-95EAC6F221A9" structure="hierarchical">
      <title>Purolator Products and Services Training</title>
      <item identifier="ITEM-322AEAC8-5835-BE4D-E5DA-E194FA24AC57" isvisible="true">
        <title>Item</title>
        <item identifier="ITEM-5234653A-76CD-54A8-EC0D-638C131AA0AC" isvisible="true" identifierref="RES-4C784EBA-09E0-B84F-29C8-6B25A2DDB39F">
          <title>Purolator Products and Services Training</title>
        </item>
      </item>
    </organization>
  </organizations>
  <resources>
    <resource identifier="RES-4C784EBA-09E0-B84F-29C8-6B25A2DDB39F" type="webcontent" adlcp:scormtype="sco" href="index.html">
      <file href="index.html" />
      <file href="index.swf" />
    </resource>
  </resources>
</manifest>

